{
    "ham": {
        "precision": 0.8648648648648649,
        "recall": 1.0,
        "f1-score": 0.927536231884058,
        "support": 800.0
    },
    "spam": {
        "precision": 1.0,
        "recall": 0.375,
        "f1-score": 0.5454545454545454,
        "support": 200.0
    },
    "accuracy": 0.875,
    "macro avg": {
        "precision": 0.9324324324324325,
        "recall": 0.6875,
        "f1-score": 0.7364953886693018,
        "support": 1000.0
    },
    "weighted avg": {
        "precision": 0.8918918918918919,
        "recall": 0.875,
        "f1-score": 0.8511198945981555,
        "support": 1000.0
    }
}